3916,3935,GGGAATTCTGAATATCTCGC,CGG,-1,0.752893093
6220,6239,GCCGGTATATACGATGACTG,GGG,1,0.712934459
3940,3959,GCCACTTTCTTGCTGATAGA,CGG,-1,0.646743678
3936,3955,CTTTCTTGCTGATAGACGGT,GGG,-1,0.637360592
4099,4118,CATTGATTCAAGAAATCCTT,CGG,-1,0.515250765
6642,6661,AAGCCTCTCTAACCATCTGT,GGG,-1,0.504888382
720,739,AGTCAGAAAGACCATGTCCA,TGG,1,0.500333352
3937,3956,ACTTTCTTGCTGATAGACGG,TGG,-1,0.491825801
660,679,ATATCTTCCCTTAATCACTA,AGG,1,0.459675443
4309,4328,ATCCTAACAAGACTAAGCAA,TGG,1,0.45095572
735,754,GTCCATGGTTCATCTTGGAG,CGG,1,0.449609232
464,483,GTTTGAGATCATTAGATCGG,AGG,-1,0.440886286
6593,6612,GCTAATCTTCTCATTATCAG,TGG,-1,0.435440792
4005,4024,CTATCCGTAAACTGTATGAA,TGG,-1,0.406573992
650,669,GGGAAGATATACCTTACCTG,TGG,-1,0.405135591
4382,4401,ACCCATGAAGTATAGCCCAA,TGG,1,0.400702425
670,689,ATCTCTTCCTTAGTGATTAA,GGG,-1,0.391065363
3954,3973,AGTGGCATCGATTTCATTAT,CGG,1,0.376077759
6224,6243,ACCCCAGTCATCGTATATAC,CGG,-1,0.369564548
467,486,ATCGTTTGAGATCATTAGAT,CGG,-1,0.358081336
707,726,TCTGACTTCAGGTTTTAAGC,TGG,-1,0.357379203
3693,3712,CCCAATTCGATCTACATCAA,GGG,1,0.354252558
6636,6655,TAACCCACAGATGGTTAGAG,AGG,1,0.326423893
4071,4090,CTAACCAGAGCAGTGCGAGT,AGG,1,0.30958927
3711,3730,AAGGGAAGACTCTACTTCAA,GGG,1,0.305581062
3877,3896,GTCTTTGCAGACTTTGCTGA,TGG,-1,0.299567595
3749,3768,ACTTCACTGTTTCGTAGACA,CGG,1,0.298041882
3936,3955,ACCGTCTATCAGCAAGAAAG,TGG,1,0.286244056
4305,4324,TTAGTCTTGTTAGGATCTAA,TGG,-1,0.281509227
4080,4099,GCAGTGCGAGTAGGCACCGA,AGG,1,0.264475131
3691,3710,GATGTAGATCGAATTGGGAT,TGG,-1,0.258928308
3750,3769,CTTCACTGTTTCGTAGACAC,GGG,1,0.241749091
3799,3818,TCGTCATACCAGAAGAACAT,TGG,1,0.214985514
6202,6221,GTGTATAACGGACCTCATGC,CGG,1,0.20870302
612,631,CTCGACAAAAGAATTATCAG,TGG,1,0.196716773
734,753,TCCAAGATGAACCATGGACA,TGG,-1,0.164653736
6627,6646,AAAGAATGCTAACCCACAGA,TGG,1,0.163418344
3782,3801,CGAACTTGGATGCTATGCAT,AGG,-1,0.162442513
6615,6634,CATTCTTTCTGAAATTGAAA,AGG,-1,0.161028546
3894,3913,GACATAGACTTGATCATAGC,CGG,1,0.134959283
4400,4419,CAAATTCTTCGCGATCCATT,GGG,-1,0.133760369
4401,4420,TCAAATTCTTCGCGATCCAT,TGG,-1,0.133728996
4362,4381,TTAACCTTGATAGCTTTGCT,TGG,-1,0.128159304
6218,6237,ATGCCGGTATATACGATGAC,TGG,1,0.125888999
631,650,GTGGACATTCACGATGCCAC,AGG,1,0.120718329
513,532,TTTCTTTCTCCAAGGTTAAT,TGG,-1,0.114762949
512,531,TTCTTTCTCCAAGGTTAATT,GGG,-1,0.113844726
718,737,GACATGGTCTTTCTGACTTC,AGG,-1,0.113439802
501,520,CTCTAAAACCCAATTAACCT,TGG,1,0.111997004
521,540,AAATATCTTTTCTTTCTCCA,AGG,-1,0.109307846
6217,6236,TCATCGTATATACCGGCATG,AGG,-1,0.106087907
3800,3819,CGTCATACCAGAAGAACATT,GGG,1,0.099902682
636,655,CATTCACGATGCCACAGGTA,AGG,1,0.095558865
3697,3716,TCCCTTGATGTAGATCGAAT,TGG,-1,0.092282104
3840,3859,TCTGCTATTTTGACCATAAT,TGG,-1,0.08953883
4361,4380,TAACCTTGATAGCTTTGCTT,GGG,-1,0.081157365
3810,3829,GCATTGACCCAATGTTCTTC,TGG,-1,0.07926571
4386,4405,TCCATTGGGCTATACTTCAT,GGG,-1,0.078924928
3692,3711,TCCCAATTCGATCTACATCA,AGG,1,0.07777221
3696,3715,CCCTTGATGTAGATCGAATT,GGG,-1,0.064484745
4078,4097,GGTGCCTACTCGCACTGCTC,TGG,-1,0.063616189
6643,6662,TAAGCCTCTCTAACCATCTG,TGG,-1,0.059893783
6649,6668,GTTAGAGAGGCTTACGCAGC,AGG,1,0.055141313
4314,4333,ATCCATTGCTTAGTCTTGTT,AGG,-1,0.055068247
4355,4374,CGACCCAAGCAAAGCTATCA,AGG,1,0.03777875
6219,6238,TGCCGGTATATACGATGACT,GGG,1,0.037183925
730,749,ACCATGTCCATGGTTCATCT,TGG,1,0.036830991
3998,4017,TGAACCATTCATACAGTTTA,CGG,1,0.036809121
3824,3843,CAATGCAGAAAGACCAATTA,TGG,1,0.023382321
4421,4440,CAAGCAAATCAAAGAATTAC,TGG,1,0.022358068
671,690,TATCTCTTCCTTAGTGATTA,AGG,-1,0.021993409
3796,3815,TTCTTCTGGTATGACGAACT,TGG,-1,0.01351661
3710,3729,CAAGGGAAGACTCTACTTCA,AGG,1,0.010519724
4387,4406,ATCCATTGGGCTATACTTCA,TGG,-1,0.003015348
433,452,NNNNNNNNNGAAAATTCGGA,TGG,1,0.793227342
22,41,TTTAAGACCAAAACTCAAGA,GGG,1,0.756724195
53,72,NNNNNNNNNNNNNNNNNNNG,AGG,-1,0.705662969
2120,2139,NNNNNNNNNNNNNNNNNNNN,NGG,-1,0.697071527
4503,4522,AATGAAGCCGAGAAGCGAAG,AGG,1,0.695076586
2809,2828,NNNNNNNNNNNNNNNNNNNT,CGG,-1,0.661299867
5283,5302,GATGCATCAGACGACTACTG,GGG,1,0.65939434
5240,5259,ACTACATCATCCCTTACCAG,AGG,1,0.648887196
3383,3402,NNNNNNNNNNNNNNNNNNNN,GGG,-1,0.645115309
3474,3493,NNNNNNNNNNNNNNNNNNNN,NGG,-1,0.645115309
566,585,TTATGAANNNNNNNNNNNNN,AGG,1,0.592234464
4475,4494,AGAAGGCTGGTGCCATGTGA,GGG,-1,0.555949918
3013,3032,CATGTATAAGACNNNNCTGG,CGG,1,0.554460156
4976,4995,CTTCATCTATTTCTAGACCA,AGG,-1,0.548993044
1409,1428,NNNNNNNNNNNNNNNNNNAA,TGG,-1,0.546735924
740,759,GACCGCTCCAAGATGAACCA,TGG,-1,0.544236041
4974,4993,CTTGGTCTAGAAATAGATGA,AGG,1,0.539643329
2136,2155,NNNNNNNNNNNNNNNNNNNN,TGG,1,0.538513993
5253,5272,ATCAGCTTCTCCTCTGGTAA,GGG,-1,0.534662324
5142,5161,TCTTTAAGCTTGGCTTGCAG,AGG,-1,0.528097652
1187,1206,NNNNNNNNNNNNNNNNNNNT,GGG,-1,0.523288387
5189,5208,GGATACCCTCTACATGCAAA,AGG,1,0.499468788
2874,2893,GTAGTTTAGTCCTAAGAACA,TGG,-1,0.49940086
3043,3062,GGTACTGGTTGATATATCCT,GGG,-1,0.495972882
5284,5303,CCAGTAGTCGTCTGATGCAT,CGG,-1,0.489007544
6693,6712,TCTCCTGGAGATTATTGCTC,GGG,-1,0.485422433
6190,6209,NNNNNNNNCGTCGTGTATAA,CGG,1,0.482755115
4685,4704,TCAAGAATCAAGACCTCTAA,CGG,1,0.476186226
5104,5123,TAGCTTCGGGATGTAATCCG,AGG,-1,0.46235224
7005,7024,NNNNNNNNNNGTCAACATGG,TGG,1,0.460546078
5084,5103,AGGCATACTAACATATGCCT,CGG,1,0.45356622
1529,1548,TGGAAGATCAACTCATACTT,CGG,1,0.451633619
5238,5257,GGTAAGGGATGATGTAGTGG,AGG,-1,0.446640611
5197,5216,CTTCACCTTTTGCATGTAGA,GGG,-1,0.445332424
3384,3403,NNNNNNNNNNNNNNNNNNNN,NGG,-1,0.437374146
5627,5646,TTGAAAGGAAGTCCGCAAAG,TGG,-1,0.43219027
4752,4771,GGAGCTTGCTTTAAGCCGAA,AGG,-1,0.427972587
2776,2795,CAAAACATCAGGAATAGCCA,AGG,1,0.416221575
4772,4791,ATCCATANNCCAAAGACACA,TGG,1,0.416185967
7002,7021,NNNNNNNNNNNNNGTCAACA,TGG,1,0.413987192
291,310,GAGAGATTTATTGTTCCAGA,AGG,-1,0.402651803
6426,6445,NNNNNNNNNNNNNCTTTGGT,GGG,-1,0.40189052
5286,5305,GCATCAGACGACTACTGGGG,AGG,1,0.40181024
2914,2933,NNNNNNNNNNNNNNNNNNNA,AGG,1,0.401741064
1495,1514,TTCTTCCTACAATCTCATTG,AGG,-1,0.392073482
865,884,GCCAAAGGTAATCTAGCATA,CGG,1,0.38558683
4704,4723,ACGGCATTCACATGTCCACA,AGG,1,0.385389531
2796,2815,NNNNNNTCGGATTAACTCCT,TGG,-1,0.379032847
4751,4770,GAGCTTGCTTTAAGCCGAAA,GGG,-1,0.377634658
4899,4918,TTACAAAAGTGTAATCAACA,TGG,1,0.377490957
279,298,GTTCCAGAAGGTACTTCCTG,AGG,-1,0.372939932
1019,1038,ATATCCTACGACATAGGTTA,TGG,-1,0.359705048
5545,5564,AACTTGGAAGAAACATCAGA,TGG,1,0.358917016
5642,5661,NNNNNNNNNNNNCTCTTGAA,AGG,-1,0.353073903
2983,3002,AATCACATGTAAATTCCTCA,AGG,-1,0.350722731
5585,5604,GTTCAACATCAAATGAATAG,TGG,-1,0.337941032
429,448,NNNNNNNNNNNNNGAAAATT,CGG,1,0.336298855
5612,5631,AGGAACCGACAACCACTTTG,CGG,1,0.334885648
1188,1207,NNNNNNNNNNNNNNNNNNNN,TGG,-1,0.332899459
912,931,TAAGGCTTATTCCAAACTTA,GGG,-1,0.327683727
4488,4507,TCATTGTTGACCAAGAAGGC,TGG,-1,0.325414606
1370,1389,NNATCTTTTTTATAAACATG,CGG,-1,0.325303688
21,40,GTTTAAGACCAAAACTCAAG,AGG,1,0.325281207
6711,6730,GATCAAATACCTTCCCAAGA,AGG,1,0.322343818
6803,6822,TCAGAAGTACTATTCCAGTA,TGG,1,0.319067848
4464,4483,GCCATGTGAGGGCTTTTACT,GGG,-1,0.313055081
770,789,TTAAAGCTCAATTTCGAAAT,GGG,1,0.312583159
1175,1194,NNNNNNNTGGGCTATATCAA,TGG,-1,0.310775133
4724,4743,AGGTCACTACGAATGGAATG,TGG,1,0.31066184
1025,1044,TAATGCATATCCTACGACAT,AGG,-1,0.298741736
4596,4615,GTAAGTAACTCGTCTTTGTT,GGG,-1,0.295638922
260,279,GATGTTACGAAGCCTTCCTC,AGG,1,0.289385284
2727,2746,NNNNNNNNNNNNNNNNCTAT,TGG,-1,0.287691211
3466,3485,NNNNNNNNNNNNNGGCGTAA,TGG,-1,0.285336671
2749,2768,NNNNNNNNNNNTACTCTTGA,TGG,1,0.27849105
2955,2974,GATGTCGCAGAGCTGGAGCT,TGG,-1,0.26393397
2965,2984,CTGCGACATCTGCTACCTTG,AGG,1,0.260481993
4648,4667,GAATCCTGACTTACAGTCGA,AGG,-1,0.251145813
5053,5072,AAGTTGCTTCTTGTCTTCAA,GGG,-1,0.244975889
275,294,CAGAAGGTACTTCCTGAGGA,AGG,-1,0.243128531
5405,5424,CAGCAATGACAAAGAGACAT,TGG,1,0.242176349
5472,5491,GTCCTAATCAGAAAATGAAC,AGG,-1,0.240335132
5045,5064,TCTTGTCTTCAAGGGTATCG,GGG,-1,0.236523749
1802,1821,NNNNNNTTAAAGAATATTAT,TGG,1,0.23260088
4554,4573,GCTATGAACAAAGCTACTGT,AGG,1,0.230615238
4701,4720,GGACATGTGAATGCCGTTAG,AGG,-1,0.227033338
6430,6449,NNNNNNNNNNNNNNNNNCTT,TGG,-1,0.223587739
5282,5301,CGATGCATCAGACGACTACT,GGG,1,0.223066917
2013,2032,NNNNNNNNNTCTTTGTTACA,AGG,-1,0.223003999
4773,4792,ATGTGTCTTTGGNNTATGGA,TGG,-1,0.222651971
2830,2849,NNNNNNAGACATCATAGAAC,AGG,1,0.221004472
5168,5187,TCCATGGAGATGGACAAAAG,AGG,1,0.218758037
5047,5066,CTTCTTGTCTTCAAGGGTAT,CGG,-1,0.216566955
769,788,CTTAAAGCTCAATTTCGAAA,TGG,1,0.215457314
3130,3149,CATCTACAGTTTAGGTTTCG,CGG,1,0.214172069
273,292,CTTCCTCAGGAAGTACCTTC,TGG,1,0.211965518
3440,3459,TGTTGGATCTGCAACATTGA,AGG,1,0.204810034
6727,6746,ACTGCATCTTTAACCTTCTT,GGG,-1,0.201597051
1096,1115,GAAGACGTATTTCAAGAAAT,TGG,1,0.200904443
1487,1506,AACAACCTCAATGAGATTGT,AGG,1,0.199816989
5620,5639,GAAGTCCGCAAAGTGGTTGT,CGG,-1,0.198900952
5198,5217,TCTTCACCTTTTGCATGTAG,AGG,-1,0.193351341
4517,4536,GCGAAGAGGAAAGAAACGTA,TGG,1,0.19284623
5152,5171,AGCTTAAAGAAAACGTTCCA,TGG,1,0.187519799
32,51,GGTTTTACCCTCTTGAGTTT,TGG,-1,0.185514483
2673,2692,GAAGAACTCTAATCGACGAC,TGG,1,0.184097577
4717,4736,GTCCACAAGGTCACTACGAA,TGG,1,0.181873652
1149,1168,ACAGAATGATGAATGCAATT,GGG,1,0.181108113
1012,1031,ATGACCATAACCTATGTCGT,AGG,1,0.177470824
5408,5427,CAATGACAAAGAGACATTGG,CGG,1,0.176643131
869,888,ACCGTATGCTAGATTACCTT,TGG,-1,0.175547963
5592,5611,TTTGATGTTGAACACATTAA,AGG,1,0.171994287
6427,6446,NNNNNNNNNNNNNNCTTTGG,TGG,-1,0.168042422
898,917,TTTACTGTATACCCTAAGTT,TGG,1,0.167084656
5010,5029,TGTTCCAAGATATGTCCTTG,AGG,-1,0.159850461
5208,5227,AAGGTGAAGAAAAATCTGCA,AGG,1,0.159220392
5405,5424,ATGTCTCTTTGTCATTGCTG,TGG,-1,0.155640332
4460,4479,GCCCAGTAAAAGCCCTCACA,TGG,1,0.151673332
803,822,GATTAAAGCAATTTTGATTG,GGG,-1,0.148728704
5529,5548,TACAAAGGAGATTCGAAACT,TGG,1,0.148726445
2674,2693,AAGAACTCTAATCGACGACT,GGG,1,0.147475564
5158,5177,AAGAAAACGTTCCATGGAGA,TGG,1,0.146650957
4641,4660,TCTTCCTTCGACTGTAAGTC,AGG,1,0.146182289
3122,3141,NNNNNNNNCATCTACAGTTT,AGG,1,0.143803008
5514,5533,TTCGTTAATCTCAATTACAA,AGG,1,0.141036221
1502,1521,ATTGTAGGAAGAAGCTTACT,CGG,1,0.134612185
6820,6839,NNNNNNNNNNNNNTCCATAC,TGG,-1,0.134522675
3010,3029,GAACATGTATAAGACNNNNC,TGG,1,0.126647464
6687,6706,CTACCCGAGCAATAATCTCC,AGG,1,0.122257844
5172,5191,TCCTCTTTTGTCCATCTCCA,TGG,-1,0.121550678
5554,5573,GAAACATCAGATGGCAAGCA,TGG,1,0.119400209
850,869,TGTCTTCTTGGTGCAGCCAA,AGG,1,0.116233875
3076,3095,ACGCTTTTTCTCCAATGATG,GGG,-1,0.113092658
4585,4604,GTCTTTGTTGGGAAGATTGT,AGG,-1,0.111857215
4492,4511,GGCTTCATTGTTGACCAAGA,AGG,-1,0.108632106
4605,4624,GAGTTACTTACACTCATTCG,AGG,1,0.106715768
2861,2880,GCGATGTACACCATGTTCTT,AGG,1,0.105554596
3023,3042,ACNNNNCTGGCGGATTTCCC,AGG,1,0.105266311
5118,5137,TTTCTGATTTGAGCTAGCTT,CGG,-1,0.101797289
4734,4753,GAATGGAATGTGGTCCCTTT,CGG,1,0.098131894
4513,4532,TTTCTTTCCTCTTCGCTTCT,CGG,-1,0.097752329
5152,5171,TGGAACGTTTTCTTTAAGCT,TGG,-1,0.095620843
5241,5260,TCTGGTAAGGGATGATGTAG,TGG,-1,0.094290071
5352,5371,TTAATTTGCAGATACGCATC,TGG,1,0.090166751
4722,4741,TTCCATTCGTAGTGACCTTG,TGG,-1,0.089144571
3423,3442,GCAAGAAAGATTGCAGATGT,TGG,1,0.088689697
4931,4950,GTTGTGCTTTCTTCTTGGAA,AGG,-1,0.086901977
3058,3077,TGGGGATTTTTGACAGGTAC,TGG,-1,0.085908286
930,949,GGTTAAGTCTTTGGGTGTTA,AGG,-1,0.084070001
6723,6742,CATCTTTAACCTTCTTGGGA,AGG,-1,0.082651696
957,976,CAAAATCATGAATAAGGCTT,AGG,-1,0.080497421
5117,5136,TTCTGATTTGAGCTAGCTTC,GGG,-1,0.077311806
4777,4796,GTCCATGTGTCTTTGGNNTA,TGG,-1,0.074553431
3401,3420,NNNNNAAAGTATTGCCCAAA,AGG,1,0.072719053
4992,5011,GAAGGAACACATAAGCCTCA,AGG,1,0.071323549
2765,2784,TTGATGGAACACAAAACATC,AGG,1,0.069835578
4956,4975,AAGAAGAAGATAAACTTCCT,TGG,1,0.069419115
6694,6713,ATCTCCTGGAGATTATTGCT,CGG,-1,0.063419163
939,958,TTAGGGTTTGGTTAAGTCTT,TGG,-1,0.060103191
5259,5278,TCGATGATCAGCTTCTCCTC,TGG,-1,0.058039604
2687,2706,GACGACTGGGCAGCAGAAAT,CGG,1,0.057380969
913,932,TTAAGGCTTATTCCAAACTT,AGG,-1,0.054960328
4476,4495,AAGAAGGCTGGTGCCATGTG,AGG,-1,0.054051007
805,824,TCGATTAAAGCAATTTTGAT,TGG,-1,0.053884181
951,970,CATGAATAAGGCTTAGGGTT,TGG,-1,0.049069223
956,975,AAAATCATGAATAAGGCTTA,GGG,-1,0.046327054
2962,2981,GGTAGCAGATGTCGCAGAGC,TGG,-1,0.044729015
5064,5083,AAGCAACTTCAGAGATTCTT,AGG,1,0.044365625
1509,1528,GAAGAAGCTTACTCGGAATA,TGG,1,0.04387662
4936,4955,GAAGAGTTGTGCTTTCTTCT,TGG,-1,0.04366958
938,957,TAGGGTTTGGTTAAGTCTTT,GGG,-1,0.042557364
4648,4667,TCGACTGTAAGTCAGGATTC,TGG,1,0.042464326
3062,3081,CTGTCAAAAATCCCCATCAT,TGG,1,0.041280285
3419,3438,CTGCAATCTTTCTTGCCTTT,TGG,-1,0.03913058
5281,5300,CCGATGCATCAGACGACTAC,TGG,1,0.037913421
1148,1167,TACAGAATGATGAATGCAAT,TGG,1,0.037067105
6737,6756,AAGATGCAGTCAAAAGATTC,AGG,1,0.036683831
979,998,AATAAAAATCTTATGAATAA,AGG,1,0.036625759
4784,4803,NTGCTTCGTCCATGTGTCTT,TGG,-1,0.035984327
5003,5022,TAAGCCTCAAGGACATATCT,TGG,1,0.032885457
3064,3083,CAATGATGGGGATTTTTGAC,AGG,-1,0.031449025
4448,4467,TACTGGGCTTGATGACTTTT,AGG,-1,0.030132039
963,982,TATTTTCAAAATCATGAATA,AGG,-1,0.029902742
1128,1147,TTGTACAGAACTCAGATTGC,TGG,-1,0.029226157
4475,4494,TCACATGGCACCAGCCTTCT,TGG,1,0.029152408
4465,4484,TGCCATGTGAGGGCTTTTAC,TGG,-1,0.029044657
838,857,TCTAGAAGAGATTGTCTTCT,TGG,1,0.02873926
3198,3217,CNNCAACTTCTTCTGCTTCT,TGG,-1,0.025576602
2940,2959,GAGCTTGGTCATTCTGATCT,TGG,-1,0.023895401
3077,3096,AACGCTTTTTCTCCAATGAT,GGG,-1,0.021746656
804,823,CGATTAAAGCAATTTTGATT,GGG,-1,0.019907648
3078,3097,TAACGCTTTTTCTCCAATGA,TGG,-1,0.017447075
5467,5486,CTCCTGTTCATTTTCTGATT,AGG,1,0.017160418
5254,5273,GATCAGCTTCTCCTCTGGTA,AGG,-1,0.017007914
4597,4616,TGTAAGTAACTCGTCTTTGT,TGG,-1,0.016480684
6728,6747,GACTGCATCTTTAACCTTCT,TGG,-1,0.016048531
5046,5065,TTCTTGTCTTCAAGGGTATC,GGG,-1,0.010066215
5054,5073,GAAGTTGCTTCTTGTCTTCA,AGG,-1,0.009149838
6708,6727,TGGGAAGGTATTTGATCTCC,TGG,-1,0.008259338
3418,3437,TGCAATCTTTCTTGCCTTTT,GGG,-1,0.003596657
3044,3063,AGGTACTGGTTGATATATCC,TGG,-1,0.003274635
